scenario,method,stranding,final_soc,steps,error
A,Baseline,0,100.0,2,
A,Baseline,0,98.59,2,
A,Baseline,0,95.76,2,
A,Baseline,0,96.35,2,
A,Baseline,0,100.0,2,
A,Baseline,0,100.0,2,
A,Baseline,0,94.94,2,
A,Baseline,0,98.59,2,
A,Baseline,0,100.0,2,
A,Baseline,0,97.0,2,
A,Baseline,0,95.76,2,
A,Baseline,0,97.0,2,
A,Baseline,0,94.76,2,
A,Baseline,0,97.17,2,
A,Baseline,0,94.76,2,
A,Baseline,0,94.76,2,
A,Baseline,0,97.0,2,
A,Baseline,0,96.35,2,
A,Baseline,0,94.94,2,
A,Baseline,0,100.0,2,
A,Baseline,0,100.0,2,
A,Baseline,0,96.35,2,
A,Baseline,0,94.76,2,
A,Baseline,0,98.59,2,
A,Baseline,0,97.17,2,
A,Baseline,0,97.0,2,
A,Baseline,0,96.35,2,
A,Baseline,0,100.0,2,
A,Baseline,0,94.94,2,
A,Baseline,0,100.0,2,
A,Baseline,0,100.0,2,
A,Baseline,0,97.17,2,
A,Baseline,0,95.76,2,
A,Baseline,0,95.76,2,
A,Baseline,0,96.35,2,
A,Baseline,0,94.76,2,
A,Baseline,0,97.0,2,
A,Baseline,0,97.17,2,
A,Baseline,0,95.76,2,
A,Baseline,0,94.76,2,
A,Baseline,0,97.17,2,
A,Baseline,0,97.0,2,
A,Baseline,0,94.94,2,
A,Baseline,0,94.76,2,
A,Baseline,0,97.0,2,
A,Baseline,0,94.76,2,
A,Baseline,0,98.59,2,
A,Baseline,0,97.0,2,
A,Baseline,0,100.0,2,
A,Baseline,0,95.76,2,
A,Baseline,0,94.76,2,
A,Baseline,0,94.76,2,
A,Baseline,0,97.0,2,
A,Baseline,0,100.0,2,
A,Baseline,0,97.17,2,
A,Baseline,0,94.94,2,
A,Baseline,0,98.59,2,
A,Baseline,0,94.76,2,
A,Baseline,0,100.0,2,
A,Baseline,0,97.17,2,
A,Baseline,0,94.76,2,
A,Baseline,0,97.17,2,
A,Baseline,0,96.35,2,
A,Baseline,0,96.35,2,
A,Baseline,0,94.76,2,
A,Baseline,0,100.0,2,
A,Baseline,0,98.59,2,
A,Baseline,0,97.0,2,
A,Baseline,0,97.17,2,
A,Baseline,0,98.59,2,
A,Baseline,0,100.0,2,
A,Baseline,0,96.35,2,
A,Baseline,0,97.0,2,
A,Baseline,0,100.0,2,
A,Baseline,0,97.0,2,
A,Baseline,0,98.59,2,
A,Baseline,0,94.76,2,
A,Baseline,0,98.59,2,
A,Baseline,0,94.94,2,
A,Baseline,0,94.94,2,
A,Baseline,0,96.35,2,
A,Baseline,0,97.17,2,
A,Baseline,0,94.76,2,
A,Baseline,0,95.76,2,
A,Baseline,0,100.0,2,
A,Baseline,0,97.0,2,
A,Baseline,0,97.17,2,
A,Baseline,0,98.59,2,
A,Baseline,0,97.17,2,
A,Baseline,0,97.17,2,
A,Baseline,0,94.94,2,
A,Baseline,0,97.17,2,
A,Baseline,0,100.0,2,
A,Baseline,0,94.76,2,
A,Baseline,0,94.94,2,
A,Baseline,0,97.17,2,
A,Baseline,0,94.76,2,
A,Baseline,0,100.0,2,
A,Baseline,0,94.94,2,
A,Baseline,0,97.0,2,
A,FFP,0,94.94,2,
A,FFP,0,96.35,2,
A,FFP,0,96.35,2,
A,FFP,0,97.17,2,
A,FFP,0,97.17,2,
A,FFP,0,100.0,2,
A,FFP,0,97.17,2,
A,FFP,0,97.17,2,
A,FFP,0,100.0,2,
A,FFP,0,95.76,2,
A,FFP,0,100.0,2,
A,FFP,0,97.0,2,
A,FFP,0,100.0,2,
A,FFP,0,96.35,2,
A,FFP,0,95.76,2,
A,FFP,0,97.17,2,
A,FFP,0,100.0,2,
A,FFP,0,96.35,2,
A,FFP,0,97.17,2,
A,FFP,0,95.76,2,
A,FFP,0,94.76,2,
A,FFP,0,94.94,2,
A,FFP,0,100.0,2,
A,FFP,0,100.0,2,
A,FFP,0,98.59,2,
A,FFP,0,94.94,2,
A,FFP,0,94.76,2,
A,FFP,0,100.0,2,
A,FFP,0,98.59,2,
A,FFP,0,100.0,2,
A,FFP,0,94.76,2,
A,FFP,0,95.76,2,
A,FFP,0,97.17,2,
A,FFP,0,94.76,2,
A,FFP,0,97.17,2,
A,FFP,0,96.35,2,
A,FFP,0,100.0,2,
A,FFP,0,94.76,2,
A,FFP,0,100.0,2,
A,FFP,0,97.17,2,
A,FFP,0,97.0,2,
A,FFP,0,97.0,2,
A,FFP,0,94.76,2,
A,FFP,0,97.0,2,
A,FFP,0,94.76,2,
A,FFP,0,100.0,2,
A,FFP,0,98.59,2,
A,FFP,0,94.76,2,
A,FFP,0,100.0,2,
A,FFP,0,100.0,2,
A,FFP,0,95.76,2,
A,FFP,0,100.0,2,
A,FFP,0,97.17,2,
A,FFP,0,100.0,2,
A,FFP,0,100.0,2,
A,FFP,0,95.76,2,
A,FFP,0,94.76,2,
A,FFP,0,100.0,2,
A,FFP,0,95.76,2,
A,FFP,0,96.35,2,
A,FFP,0,94.94,2,
A,FFP,0,94.94,2,
A,FFP,0,97.0,2,
A,FFP,0,95.76,2,
A,FFP,0,97.17,2,
A,FFP,0,96.35,2,
A,FFP,0,97.0,2,
A,FFP,0,97.0,2,
A,FFP,0,94.76,2,
A,FFP,0,94.76,2,
A,FFP,0,94.76,2,
A,FFP,0,100.0,2,
A,FFP,0,95.76,2,
A,FFP,0,94.94,2,
A,FFP,0,97.0,2,
A,FFP,0,98.59,2,
A,FFP,0,95.76,2,
A,FFP,0,94.76,2,
A,FFP,0,100.0,2,
A,FFP,0,96.35,2,
A,FFP,0,97.17,2,
A,FFP,0,95.76,2,
A,FFP,0,100.0,2,
A,FFP,0,97.17,2,
A,FFP,0,100.0,2,
A,FFP,0,98.59,2,
A,FFP,0,95.76,2,
A,FFP,0,94.76,2,
A,FFP,0,98.59,2,
A,FFP,0,100.0,2,
A,FFP,0,100.0,2,
A,FFP,0,96.35,2,
A,FFP,0,100.0,2,
A,FFP,0,100.0,2,
A,FFP,0,97.17,2,
A,FFP,0,94.94,2,
A,FFP,0,100.0,2,
A,FFP,0,97.0,2,
A,FFP,0,97.0,2,
A,FFP,0,95.76,2,
B,Baseline,0,95.53,3,
B,Baseline,0,97.76,3,
B,Baseline,0,88.99,3,
B,Baseline,0,100.0,3,
B,Baseline,0,96.0,3,
B,Baseline,0,92.84,3,
B,Baseline,0,91.53,3,
B,Baseline,0,91.53,3,
B,Baseline,0,95.53,3,
B,Baseline,0,96.0,3,
B,Baseline,0,95.53,3,
B,Baseline,0,97.76,3,
B,Baseline,0,89.92,3,
B,Baseline,0,89.92,3,
B,Baseline,0,90.36,3,
B,Baseline,0,95.53,3,
B,Baseline,0,92.37,3,
B,Baseline,0,96.0,3,
B,Baseline,0,92.37,3,
B,Baseline,0,95.53,3,
B,Baseline,0,96.35,3,
B,Baseline,0,90.6,3,
B,Baseline,0,96.35,3,
B,Baseline,0,100.0,3,
B,Baseline,0,100.0,3,
B,Baseline,0,97.76,3,
B,Baseline,0,92.11,3,
B,Baseline,0,100.0,3,
B,Baseline,0,100.0,3,
B,Baseline,0,92.35,3,
B,Baseline,0,94.11,3,
B,Baseline,0,97.76,3,
B,Baseline,0,100.0,3,
B,Baseline,0,88.99,3,
B,Baseline,0,92.11,3,
B,Baseline,0,89.92,3,
B,Baseline,0,89.92,3,
B,Baseline,0,93.52,3,
B,Baseline,0,100.0,3,
B,Baseline,0,91.53,3,
B,Baseline,0,91.92,3,
B,Baseline,0,93.76,3,
B,Baseline,0,97.76,3,
B,Baseline,0,100.0,3,
B,Baseline,0,93.76,3,
B,Baseline,0,92.37,3,
B,Baseline,0,95.53,3,
B,Baseline,0,97.76,3,
B,Baseline,0,93.52,3,
B,Baseline,0,92.35,3,
B,Baseline,0,92.37,3,
B,Baseline,0,97.76,3,
B,Baseline,0,92.37,3,
B,Baseline,0,90.6,3,
B,Baseline,0,100.0,3,
B,Baseline,0,94.16,3,
B,Baseline,0,89.92,3,
B,Baseline,0,90.16,3,
B,Baseline,0,97.76,3,
B,Baseline,0,96.35,3,
B,Baseline,0,95.76,3,
B,Baseline,0,91.29,3,
B,Baseline,0,95.76,3,
B,Baseline,0,91.29,3,
B,Baseline,0,100.0,3,
B,Baseline,0,91.0,3,
B,Baseline,0,94.11,3,
B,Baseline,0,94.11,3,
B,Baseline,0,100.0,3,
B,Baseline,0,100.0,3,
B,Baseline,0,97.76,3,
B,Baseline,0,90.98,3,
B,Baseline,0,92.11,3,
B,Baseline,0,95.53,3,
B,Baseline,0,95.53,3,
B,Baseline,0,94.11,3,
B,Baseline,0,100.0,3,
B,Baseline,0,92.84,3,
B,Baseline,0,92.37,3,
B,Baseline,0,91.0,3,
B,Baseline,0,94.16,3,
B,Baseline,0,97.76,3,
B,Baseline,0,90.6,3,
B,Baseline,0,100.0,3,
B,Baseline,0,95.76,3,
B,Baseline,0,96.0,3,
B,Baseline,0,90.36,3,
B,Baseline,0,97.76,3,
B,Baseline,0,92.37,3,
B,Baseline,0,88.99,3,
B,Baseline,0,95.53,3,
B,Baseline,0,100.0,3,
B,Baseline,0,93.29,3,
B,Baseline,0,97.76,3,
B,Baseline,0,97.76,3,
B,Baseline,0,100.0,3,
B,Baseline,0,91.29,3,
B,Baseline,0,95.53,3,
B,Baseline,0,97.76,3,
B,Baseline,0,100.0,3,
B,FFP,0,88.99,3,
B,FFP,0,90.6,3,
B,FFP,0,94.16,3,
B,FFP,0,94.11,3,
B,FFP,0,100.0,3,
B,FFP,0,90.6,3,
B,FFP,0,91.0,3,
B,FFP,0,100.0,3,
B,FFP,0,91.53,3,
B,FFP,0,97.76,3,
B,FFP,0,91.29,3,
B,FFP,0,92.39,3,
B,FFP,0,91.53,3,
B,FFP,0,94.16,3,
B,FFP,0,100.0,3,
B,FFP,0,90.98,3,
B,FFP,0,97.76,3,
B,FFP,0,95.53,3,
B,FFP,0,97.76,3,
B,FFP,0,90.6,3,
B,FFP,0,97.76,3,
B,FFP,0,92.39,3,
B,FFP,0,91.92,3,
B,FFP,0,100.0,3,
B,FFP,0,97.76,3,
B,FFP,0,100.0,3,
B,FFP,0,93.52,3,
B,FFP,0,90.6,3,
B,FFP,0,92.37,3,
B,FFP,0,100.0,3,
B,FFP,0,92.37,3,
B,FFP,0,93.52,3,
B,FFP,0,96.0,3,
B,FFP,0,92.11,3,
B,FFP,0,92.74,3,
B,FFP,0,97.76,3,
B,FFP,0,96.35,3,
B,FFP,0,94.16,3,
B,FFP,0,100.0,3,
B,FFP,0,91.92,3,
B,FFP,0,94.11,3,
B,FFP,0,92.35,3,
B,FFP,0,94.11,3,
B,FFP,0,88.99,3,
B,FFP,0,100.0,3,
B,FFP,0,93.52,3,
B,FFP,0,91.92,3,
B,FFP,0,92.74,3,
B,FFP,0,100.0,3,
B,FFP,0,100.0,3,
B,FFP,0,91.92,3,
B,FFP,0,95.53,3,
B,FFP,0,100.0,3,
B,FFP,0,90.6,3,
B,FFP,0,93.29,3,
B,FFP,0,91.53,3,
B,FFP,0,91.29,3,
B,FFP,0,91.0,3,
B,FFP,0,100.0,3,
B,FFP,0,95.53,3,
B,FFP,0,92.11,3,
B,FFP,0,94.11,3,
B,FFP,0,91.53,3,
B,FFP,0,96.0,3,
B,FFP,0,100.0,3,
B,FFP,0,90.6,3,
B,FFP,0,92.37,3,
B,FFP,0,100.0,3,
B,FFP,0,95.76,3,
B,FFP,0,91.29,3,
B,FFP,0,89.92,3,
B,FFP,0,92.84,3,
B,FFP,0,96.35,3,
B,FFP,0,92.74,3,
B,FFP,0,95.76,3,
B,FFP,0,92.35,3,
B,FFP,0,88.99,3,
B,FFP,0,96.0,3,
B,FFP,0,93.29,3,
B,FFP,0,96.35,3,
B,FFP,0,92.11,3,
B,FFP,0,94.11,3,
B,FFP,0,100.0,3,
B,FFP,0,94.11,3,
B,FFP,0,92.6,3,
B,FFP,0,93.52,3,
B,FFP,0,90.36,3,
B,FFP,0,96.0,3,
B,FFP,0,90.6,3,
B,FFP,0,94.11,3,
B,FFP,0,93.29,3,
B,FFP,0,97.76,3,
B,FFP,0,100.0,3,
B,FFP,0,91.29,3,
B,FFP,0,96.35,3,
B,FFP,0,93.52,3,
B,FFP,0,95.76,3,
B,FFP,0,91.92,3,
B,FFP,0,94.11,3,
B,FFP,0,94.11,3,
C,Baseline,0,83.74,4,
C,Baseline,0,94.98,4,
C,Baseline,0,100.0,4,
C,Baseline,0,87.09,4,
C,Baseline,0,90.88,4,
C,Baseline,0,91.92,4,
C,Baseline,0,94.16,4,
C,Baseline,0,94.98,4,
C,Baseline,0,96.39,4,
C,Baseline,0,100.0,4,
C,Baseline,0,86.45,4,
C,Baseline,0,90.88,4,
C,Baseline,0,89.09,4,
C,Baseline,0,100.0,4,
C,Baseline,0,100.0,4,
C,Baseline,0,100.0,4,
C,Baseline,0,88.5,4,
C,Baseline,0,85.75,4,
C,Baseline,0,83.74,4,
C,Baseline,0,94.16,4,
C,Baseline,0,95.0,4,
C,Baseline,0,96.39,4,
C,Baseline,0,94.34,4,
C,Baseline,0,92.11,4,
C,Baseline,0,88.62,4,
C,Baseline,0,85.69,4,
C,Baseline,0,94.98,4,
C,Baseline,0,94.16,4,
C,Baseline,0,92.11,4,
C,Baseline,0,88.81,4,
C,Baseline,0,90.22,4,
C,Baseline,0,100.0,4,
C,Baseline,0,85.98,4,
C,Baseline,0,94.16,4,
C,Baseline,0,92.11,4,
C,Baseline,0,89.44,4,
C,Baseline,0,90.76,4,
C,Baseline,0,95.0,4,
C,Baseline,0,96.35,4,
C,Baseline,0,87.23,4,
C,Baseline,0,100.0,4,
C,Baseline,0,94.34,4,
C,Baseline,0,94.16,4,
C,Baseline,0,100.0,4,
C,Baseline,0,88.5,4,
C,Baseline,0,91.92,4,
C,Baseline,0,95.0,4,
C,Baseline,0,91.92,4,
C,Baseline,0,96.35,4,
C,Baseline,0,100.0,4,
C,Baseline,0,88.5,4,
C,Baseline,0,94.34,4,
C,Baseline,0,91.92,4,
C,Baseline,0,98.59,4,
C,Baseline,0,86.45,4,
C,Baseline,0,92.11,4,
C,Baseline,0,100.0,4,
C,Baseline,0,98.59,4,
C,Baseline,0,88.52,4,
C,Baseline,0,89.94,4,
C,Baseline,0,94.46,4,
C,Baseline,0,85.91,4,
C,Baseline,0,89.34,4,
C,Baseline,0,91.92,4,
C,Baseline,0,96.35,4,
C,Baseline,0,85.75,4,
C,Baseline,0,94.34,4,
C,Baseline,0,96.39,4,
C,Baseline,0,94.16,4,
C,Baseline,0,94.34,4,
C,Baseline,0,100.0,4,
C,Baseline,0,85.79,4,
C,Baseline,0,100.0,4,
C,Baseline,0,83.86,4,
C,Baseline,0,92.15,4,
C,Baseline,0,94.34,4,
C,Baseline,0,88.62,4,
C,Baseline,0,94.16,4,
C,Baseline,0,87.09,4,
C,Baseline,0,87.68,4,
C,Baseline,0,98.59,4,
C,Baseline,0,86.45,4,
C,Baseline,0,84.4,4,
C,Baseline,0,100.0,4,
C,Baseline,0,88.64,4,
C,Baseline,0,95.0,4,
C,Baseline,0,96.35,4,
C,Baseline,0,87.7,4,
C,Baseline,0,100.0,4,
C,Baseline,0,92.7,4,
C,Baseline,0,92.11,4,
C,Baseline,0,96.39,4,
C,Baseline,0,90.88,4,
C,Baseline,0,89.94,4,
C,Baseline,0,87.68,4,
C,Baseline,0,94.16,4,
C,Baseline,0,84.4,4,
C,Baseline,0,93.52,4,
C,Baseline,0,92.15,4,
C,Baseline,0,100.0,4,
C,FFP,0,90.76,4,
C,FFP,0,100.0,4,
C,FFP,0,100.0,4,
C,FFP,0,86.45,4,
C,FFP,0,96.39,4,
C,FFP,0,96.35,4,
C,FFP,0,89.28,4,
C,FFP,0,96.39,4,
C,FFP,0,88.62,4,
C,FFP,0,100.0,4,
C,FFP,0,94.34,4,
C,FFP,0,96.39,4,
C,FFP,0,90.34,4,
C,FFP,0,96.35,4,
C,FFP,0,90.88,4,
C,FFP,0,88.52,4,
C,FFP,0,91.63,4,
C,FFP,0,94.34,4,
C,FFP,0,89.99,4,
C,FFP,0,100.0,4,
C,FFP,0,89.44,4,
C,FFP,0,94.16,4,
C,FFP,0,100.0,4,
C,FFP,0,87.68,4,
C,FFP,0,89.28,4,
C,FFP,0,92.74,4,
C,FFP,0,86.61,4,
C,FFP,0,87.39,4,
C,FFP,0,87.86,4,
C,FFP,0,100.0,4,
C,FFP,0,83.15,4,
C,FFP,0,94.16,4,
C,FFP,0,94.98,4,
C,FFP,0,86.61,4,
C,FFP,0,96.39,4,
C,FFP,0,98.59,4,
C,FFP,0,92.17,4,
C,FFP,0,100.0,4,
C,FFP,0,94.16,4,
C,FFP,0,98.59,4,
C,FFP,0,96.35,4,
C,FFP,0,94.16,4,
C,FFP,0,92.74,4,
C,FFP,0,96.35,4,
C,FFP,0,86.63,4,
C,FFP,0,100.0,4,
C,FFP,0,85.69,4,
C,FFP,0,95.0,4,
C,FFP,0,89.44,4,
C,FFP,0,87.39,4,
C,FFP,0,88.03,4,
C,FFP,0,100.0,4,
C,FFP,0,85.69,4,
C,FFP,0,91.92,4,
C,FFP,0,85.91,4,
C,FFP,0,94.98,4,
C,FFP,0,100.0,4,
C,FFP,0,94.98,4,
C,FFP,0,96.39,4,
C,FFP,0,88.1,4,
C,FFP,0,92.74,4,
C,FFP,0,96.39,4,
C,FFP,0,90.1,4,
C,FFP,0,96.35,4,
C,FFP,0,88.52,4,
C,FFP,0,85.04,4,
C,FFP,0,90.04,4,
C,FFP,0,85.75,4,
C,FFP,0,83.79,4,
C,FFP,0,94.34,4,
C,FFP,0,100.0,4,
C,FFP,0,85.75,4,
C,FFP,0,100.0,4,
C,FFP,0,87.68,4,
C,FFP,0,87.11,4,
C,FFP,0,92.74,4,
C,FFP,0,92.11,4,
C,FFP,0,89.28,4,
C,FFP,0,88.46,4,
C,FFP,0,100.0,4,
C,FFP,0,89.69,4,
C,FFP,0,100.0,4,
C,FFP,0,94.98,4,
C,FFP,0,90.04,4,
C,FFP,0,100.0,4,
C,FFP,0,87.09,4,
C,FFP,0,98.59,4,
C,FFP,0,95.0,4,
C,FFP,0,88.5,4,
C,FFP,0,88.62,4,
C,FFP,0,90.04,4,
C,FFP,0,85.79,4,
C,FFP,0,95.0,4,
C,FFP,0,86.45,4,
C,FFP,0,96.35,4,
C,FFP,0,93.57,4,
C,FFP,0,92.17,4,
C,FFP,0,100.0,4,
C,FFP,0,87.68,4,
C,FFP,0,100.0,4,
